{"model":"fisheye","Kl":[[992.2513427734375,0,601.3463134765625],[0,990.8687133789062,315.85089111328125],[0,0,1]],"Dl":[[-0.25168824195861816],[1.5923179388046265],[-12.248397827148438],[32.74135971069336]],"Kr":[[1007.3324584960938,0,657.9354248046875],[0,1005.1456909179688,295.2356262207031],[0,0,1]],"Dr":[[-0.10663177073001862],[-1.5660902261734009],[8.29252815246582],[-7.0377678871154785]],"R":[[0.9999949200232928,0.0011054270550494736,0.0029896418905978697],[-0.0011081183801207681,0.999998982196508,0.0008987099664639917],[-0.0029886453894183364,-0.0009020182781672619,0.9999951271690088]],"T":[[-85.2204926626687],[1.634952917489115],[10.21865409803789]],"E":[[[0.12271163743697687],[0.3251561427110539],[3.1109545486376913]],[[0.17642042799158705],[0.6738318611228494],[3.026447596341447]],[[0.09788676958985854],[-0.07375681662169925],[3.0559513038284907]],[[-0.6681259292466236],[0.1718128486507311],[3.0059467530278092]],[[-0.25368717853378825],[0.581564474132603],[2.6669316498296816]],[[-0.238105914644143],[-0.19646574738198702],[-3.12375859081298]],[[0.06447014680438558],[0.20529842930333922],[3.114010906686836]]],"F":[[[167.6464859490565],[171.21853291239202],[815.1140841774708]],[[223.30951654183568],[139.71768276278573],[765.5995843906467]],[[170.4158059233135],[73.81133601725934],[773.8177966008055]],[[44.0019923930839],[107.81333496384029],[739.6329928543302]],[[144.5100093785595],[113.83994501151565],[853.1207016904198]],[[131.01070112145086],[166.00312644646195],[551.7943608672608]],[[153.3941165304707],[150.75593150320805],[473.4126571612851]]],"imSize":[1280,720],"rms":0.5429668463594278}
